"","x"
"1","10:24, 20 April 2026"
"2","18:31, 27 March 2026"
"3","18:30, 27 March 2026"
"4","18:30, 27 March 2026"
"5","13:52, 24 March 2026"
"6","11:15, 8 March 2026"
"7","14:57, 3 March 2026"
"8","04:03, 25 February 2026"
"9","04:02, 25 February 2026"
"10","03:34, 12 February 2026"
"11","14:18, 20 January 2026"
"12","10:18, 1 January 2026"
"13","23:56, 15 October 2025"
"14","07:10, 23 September 2025"
"15","17:17, 18 September 2025"
"16","12:02, 18 September 2025"
"17","09:03, 7 September 2025"
"18","10:32, 28 August 2025"
"19","09:36, 28 August 2025"
"20","09:34, 28 August 2025"
"21","17:56, 27 July 2025"
"22","13:13, 23 July 2025"
"23","09:03, 16 July 2025"
"24","12:16, 8 July 2025"
"25","22:05, 21 June 2025"
"26","08:02, 18 June 2025"
"27","07:58, 18 June 2025"
"28","07:56, 18 June 2025"
"29","07:51, 18 June 2025"
"30","07:45, 18 June 2025"
"31","07:34, 18 June 2025"
"32","08:34, 5 June 2025"
"33","13:53, 30 May 2025"
"34","13:52, 30 May 2025"
"35","11:16, 20 May 2025"
"36","12:02, 12 May 2025"
"37","09:46, 1 May 2025"
"38","01:54, 1 May 2025"
"39","03:40, 17 April 2025"
"40","06:50, 15 April 2025"
"41","12:58, 13 April 2025"
"42","11:44, 13 April 2025"
"43","10:12, 13 April 2025"
"44","01:04, 10 April 2025"
"45","20:38, 2 April 2025"
"46","20:34, 2 April 2025"
"47","20:27, 2 April 2025"
"48","20:25, 2 April 2025"
"49","20:05, 2 April 2025"
"50","10:33, 29 March 2025"
"51","00:02, 14 March 2025"
"52","18:35, 9 March 2025"
"53","22:39, 12 February 2025"
"54","01:16, 16 January 2025"
"55","00:54, 16 January 2025"
"56","00:44, 16 January 2025"
"57","00:34, 16 January 2025"
"58","00:20, 16 January 2025"
"59","00:15, 16 January 2025"
"60","00:05, 16 January 2025"
"61","13:50, 15 October 2024"
"62","08:17, 11 October 2024"
"63","02:44, 16 September 2024"
"64","22:37, 22 August 2024"
"65","15:16, 19 August 2024"
"66","08:19, 12 August 2024"
"67","00:19, 24 July 2024"
"68","23:07, 12 July 2024"
"69","13:49, 12 July 2024"
"70","13:45, 12 July 2024"
"71","11:03, 27 June 2024"
"72","09:40, 28 May 2024"
"73","11:56, 20 March 2024"
"74","11:50, 20 March 2024"
"75","21:04, 17 February 2024"
"76","08:39, 3 February 2024"
"77","02:03, 21 January 2024"
"78","17:34, 20 January 2024"
"79","07:13, 18 January 2024"
"80","06:56, 18 January 2024"
"81","02:33, 7 January 2024"
"82","02:31, 7 January 2024"
"83","02:30, 7 January 2024"
"84","02:27, 7 January 2024"
"85","02:18, 7 January 2024"
"86","09:41, 28 December 2023"
"87","08:11, 28 December 2023"
"88","00:02, 1 December 2023"
"89","14:02, 30 November 2023"
"90","13:44, 3 November 2023"
"91","07:02, 3 November 2023"
"92","07:01, 3 November 2023"
"93","18:59, 17 October 2023"
"94","18:55, 17 October 2023"
"95","14:32, 12 September 2023"
"96","23:40, 21 May 2023"
"97","08:12, 19 May 2023"
"98","06:36, 25 April 2023"
"99","23:34, 18 April 2023"
"100","13:00, 6 April 2023"
